{
  "Kp": 5.0542694652761355,
  "Ti": 0.17421266263708635,
  "Td": 0.23927327126696307,
  "Tm": 0.024793388429752067,
  "K_max": 11.274545454545455,
  "K_nom": 7.829545454545454,
  "K_min": 4.384545454545454,
  "tp_h_min": 1.717572524174725,
  "sigma_h_min": 0.0,
  "tp_h_nom": 1.0073357785928643,
  "sigma_h_nom": 0.0,
  "tp_h_max": 0.828276092030677,
  "sigma_h_max": 0.594587919738232
}